step,time,x,y,z,Ux,Uy,Uz,U_mag,Omega_mag,q0,q1,q2,q3
0,0.00,0.000000,0.000000,0.000000,2.50886450e-03,2.68835229e-21,-3.91078590e-02,3.91882512e-02,6.44572685e-19,0.923880,0.000000,0.382683,0.000000
1,1.00,0.002509,0.000000,-0.039108,2.50886450e-03,1.73952207e-21,-3.91078590e-02,3.91882512e-02,6.23186873e-19,0.923880,-0.000000,0.382683,0.000000
2,2.00,0.005018,0.000000,-0.078216,2.50886450e-03,-7.90691851e-22,-3.91078590e-02,3.91882512e-02,2.65830602e-19,0.923880,-0.000000,0.382683,0.000000
3,3.00,0.007527,0.000000,-0.117324,2.50886450e-03,1.42324533e-21,-3.91078590e-02,3.91882512e-02,5.13933340e-19,0.923880,-0.000000,0.382683,0.000000
4,4.00,0.010035,0.000000,-0.156431,2.50886450e-03,1.30046837e-33,-3.91078590e-02,3.91882512e-02,4.88900937e-19,0.923880,-0.000000,0.382683,0.000000
5,5.00,0.012544,0.000000,-0.195539,2.50886450e-03,3.32090577e-21,-3.91078590e-02,3.91882512e-02,5.59354551e-19,0.923880,-0.000000,0.382683,0.000000
6,6.00,0.015053,0.000000,-0.234647,2.50886450e-03,-6.32553481e-22,-3.91078590e-02,3.91882512e-02,4.32572453e-19,0.923880,-0.000000,0.382683,0.000000
7,7.00,0.017562,0.000000,-0.273755,2.50886450e-03,2.68835229e-21,-3.91078590e-02,3.91882512e-02,1.23201808e-19,0.923880,-0.000000,0.382683,0.000000
8,8.00,0.020071,0.000000,-0.312863,2.50886450e-03,-3.47904414e-21,-3.91078590e-02,3.91882512e-02,5.23224803e-20,0.923880,-0.000000,0.382683,0.000000
9,9.00,0.022580,0.000000,-0.351971,2.50886450e-03,-2.53021392e-21,-3.91078590e-02,3.91882512e-02,1.95805395e-19,0.923880,-0.000000,0.382683,0.000000
10,10.00,0.025089,0.000000,-0.391079,2.50886450e-03,-1.89766044e-21,-3.91078590e-02,3.91882512e-02,2.39298290e-19,0.923880,-0.000000,0.382683,0.000000
11,11.00,0.027598,0.000000,-0.430186,2.50886450e-03,4.42787437e-21,-3.91078590e-02,3.91882512e-02,2.62059286e-19,0.923880,-0.000000,0.382683,0.000000
12,12.00,0.030106,0.000000,-0.469294,2.50886450e-03,-1.10696859e-21,-3.91078590e-02,3.91882512e-02,5.83901223e-19,0.923880,-0.000000,0.382683,0.000000
13,13.00,0.032615,0.000000,-0.508402,2.50886450e-03,-2.53021392e-21,-3.91078590e-02,3.91882512e-02,4.70122184e-19,0.923880,-0.000000,0.382683,0.000000
14,14.00,0.035124,0.000000,-0.547510,2.50886450e-03,3.00462903e-21,-3.91078590e-02,3.91882512e-02,3.71037994e-19,0.923880,-0.000000,0.382683,0.000000
15,15.00,0.037633,0.000000,-0.586618,2.50886450e-03,-9.48830221e-22,-3.91078590e-02,3.91882512e-02,2.86372724e-19,0.923880,-0.000000,0.382683,0.000000
16,16.00,0.040142,0.000000,-0.625726,2.50886450e-03,1.26510696e-21,-3.91078590e-02,3.91882512e-02,5.23147103e-19,0.923880,-0.000000,0.382683,0.000000
17,17.00,0.042651,0.000000,-0.664834,2.50886450e-03,-2.21393718e-21,-3.91078590e-02,3.91882512e-02,5.84323913e-19,0.923880,-0.000000,0.382683,0.000000
18,18.00,0.045160,0.000000,-0.703941,2.50886450e-03,1.26510696e-21,-3.91078590e-02,3.91882512e-02,3.13100391e-19,0.923880,-0.000000,0.382683,0.000000
19,19.00,0.047668,0.000000,-0.743049,2.50886450e-03,-1.10696859e-21,-3.91078590e-02,3.91882512e-02,4.14017994e-19,0.923880,-0.000000,0.382683,0.000000
20,20.00,0.050177,0.000000,-0.782157,2.50886450e-03,-1.73952207e-21,-3.91078590e-02,3.91882512e-02,3.20441136e-19,0.923880,-0.000000,0.382683,0.000000
21,21.00,0.052686,0.000000,-0.821265,2.50886450e-03,4.26973599e-21,-3.91078590e-02,3.91882512e-02,3.59235598e-19,0.923880,-0.000000,0.382683,0.000000
22,22.00,0.055195,0.000000,-0.860373,2.50886450e-03,2.84649066e-21,-3.91078590e-02,3.91882512e-02,2.86646595e-19,0.923880,-0.000000,0.382683,0.000000
23,23.00,0.057704,0.000000,-0.899481,2.50886450e-03,1.26510696e-21,-3.91078590e-02,3.91882512e-02,1.96919816e-19,0.923880,-0.000000,0.382683,0.000000
24,24.00,0.060213,0.000000,-0.938589,2.50886450e-03,1.26510696e-21,-3.91078590e-02,3.91882512e-02,1.96919816e-19,0.923880,-0.000000,0.382683,0.000000
25,25.00,0.062722,0.000000,-0.977696,2.50886450e-03,2.21393718e-21,-3.91078590e-02,3.91882512e-02,2.86896012e-19,0.923880,-0.000000,0.382683,0.000000
26,26.00,0.065230,0.000000,-1.016804,2.50886450e-03,-2.21393718e-21,-3.91078590e-02,3.91882512e-02,3.59793490e-19,0.923880,-0.000000,0.382683,0.000000
27,27.00,0.067739,0.000000,-1.055912,2.50886450e-03,-6.32553481e-22,-3.91078590e-02,3.91882512e-02,3.12484813e-19,0.923880,-0.000000,0.382683,0.000000
28,28.00,0.070248,0.000000,-1.095020,2.50886450e-03,-2.21393718e-21,-3.91078590e-02,3.91882512e-02,4.42986679e-19,0.923880,-0.000000,0.382683,0.000000
29,29.00,0.072757,0.000000,-1.134128,2.50886450e-03,-2.37207555e-21,-3.91078590e-02,3.91882512e-02,2.79951009e-19,0.923880,-0.000000,0.382683,0.000000
30,30.00,0.075266,0.000000,-1.173236,2.50886450e-03,-2.84649066e-21,-3.91078590e-02,3.91882512e-02,5.68727571e-19,0.923880,-0.000000,0.382683,0.000000
31,31.00,0.077775,0.000000,-1.212344,2.50886450e-03,1.42324533e-21,-3.91078590e-02,3.91882512e-02,3.71776413e-19,0.923880,-0.000000,0.382683,0.000000
32,32.00,0.080284,0.000000,-1.251451,2.50886450e-03,1.42324533e-21,-3.91078590e-02,3.91882512e-02,3.71776413e-19,0.923880,-0.000000,0.382683,0.000000
33,33.00,0.082793,0.000000,-1.290559,2.50886450e-03,-2.53021392e-21,-3.91078590e-02,3.91882512e-02,1.58294389e-19,0.923880,-0.000000,0.382683,0.000000
34,34.00,0.085301,0.000000,-1.329667,2.50886450e-03,1.42324533e-21,-3.91078590e-02,3.91882512e-02,3.71776413e-19,0.923880,-0.000000,0.382683,0.000000
35,35.00,0.087810,0.000000,-1.368775,2.50886450e-03,1.89766044e-21,-3.91078590e-02,3.91882512e-02,1.73984841e-19,0.923880,-0.000000,0.382683,0.000000
36,36.00,0.090319,0.000000,-1.407883,2.50886450e-03,-1.26510696e-21,-3.91078590e-02,3.91882512e-02,2.01091241e-19,0.923880,-0.000000,0.382683,0.000000
37,37.00,0.092828,0.000000,-1.446991,2.50886450e-03,3.71561793e-33,-3.91078590e-02,3.91882512e-02,1.75293055e-19,0.923880,-0.000000,0.382683,0.000000
38,38.00,0.095337,0.000000,-1.486099,2.50886450e-03,-1.42106931e-33,-3.91078590e-02,3.91882512e-02,4.25267383e-19,0.923880,-0.000000,0.382683,0.000000
39,39.00,0.097846,0.000000,-1.525206,2.50886450e-03,-1.73952207e-21,-3.91078590e-02,3.91882512e-02,3.30250886e-19,0.923880,-0.000000,0.382683,0.000000
40,40.00,0.100355,0.000000,-1.564314,2.50886450e-03,-1.10696859e-21,-3.91078590e-02,3.91882512e-02,4.34137039e-19,0.923880,-0.000000,0.382683,0.000000