step,time,x,y,z,Ux,Uy,Uz,U_mag,Omega_x,Omega_y,Omega_z,Omega_mag,q0,q1,q2,q3,normal_x,normal_y,normal_z,tilt_angle_deg
0,0.0,0.0,0.0,3.5,0.011359514901434819,-2.115248584886894e-18,-0.058525390989691534,0.05961761458908086,-1.148993726091738e-18,-0.0017218869446998005,8.222693155967687e-20,0.0017218869446998005,0.9238795325112867,0.0,0.3826834323650898,0.0,0.7071067811865476,0.0,0.7071067811865475,45.00000000000001
1,0.1,0.001135943470655567,-5.726322276056152e-19,3.4941489665211307,0.011359353975524481,2.176922866222533e-17,-0.05849525925740444,0.05958800448355544,1.046251497006415e-18,-0.0017273118018937153,2.3359573184867087e-19,0.0017273118018937153,0.9239125278110937,-3.54755202483618e-20,0.3826037649497391,7.358442164812692e-21,0.70698482324951,7.118329052899967e-20,0.7072287180925698,44.990118787152504
2,0.2,0.0022718707349994437,-1.1871790133027024e-18,3.488300950157292,0.011359190769796827,3.0071976804898827e-18,-0.05846504863602488,0.05955831702589817,-1.7958167198350032e-18,-0.0017327586814979798,8.74253181466237e-19,0.0017327586814979798,0.9239456202083802,-1.9613273805996731e-19,0.38252384356762853,-3.964543619321552e-20,0.706862459779172,3.3210131935488063e-19,0.7073510182044969,44.98020642912907
3,0.30000000000000004,0.0034077815641212475,3.306874872700499e-19,3.4824559588094797,0.011359025265633687,-1.5870214050978022e-17,-0.058434758883748945,0.05952855197959363,-1.1968545533985134e-19,-0.0017382276830730909,-1.5727928023051173e-19,0.0017382276830730909,0.9239788100598009,-2.74618066468082e-19,0.382443667172663,-6.698677458215825e-20,0.7067396890182074,4.562452131056651e-19,0.7074736828790511,44.97026279946546
4,0.4,0.004543675727241526,4.83932260304712e-19,3.476614000402899,0.011358857444271144,1.9782979013499012e-17,-0.05840438975817803,0.059498709107546566,-1.1968218200537993e-18,-0.0017437189065979397,4.2707863302363324e-20,0.0017437189065979397,0.9240120977233522,-2.9633681557843883e-19,0.38236323471391714,-7.269850724320656e-20,0.7066165092005862,4.920431324138117e-19,0.7075967134782197,44.960287771125955
5,0.5,0.0056795529916970795,-2.245994281891946e-18,3.470775082887026,0.011358687286798121,4.7774765469859e-18,-0.05837394101631917,0.059468788172082156,6.559810384465474e-19,-0.001749232452470542,4.860105965651906e-19,0.001749232452470542,0.9240454835583779,-3.5337809832583004e-19,0.38228254513561527,-1.0123934556989431e-19,0.7064929185515341,5.756708021082167e-19,0.7077201113692728,44.95028121650063
6,0.6000000000000001,0.006815413122926218,-2.534843145013746e-18,3.4649392142356645,0.011358514774155393,4.1077202609728355e-18,-0.05834341241458763,0.05943878893494857,-2.419833681443066e-18,-0.0017547684215086861,6.791811763978041e-19,0.0017547684215086861,0.9240789679255699,-4.486019518391616e-19,0.3822015973771089,-1.7703188971957272e-19,0.706368915287486,6.937635152548396e-19,0.7078438779247729,44.940243007403254
7,0.7000000000000001,0.007951255884453886,7.831269320436648e-19,3.459106402447007,0.011358339887134465,-4.615588283840869e-18,-0.05831280370880817,0.05940871115731818,-2.5012019699165637e-18,-0.0017603269149506346,8.912338572030919e-20,0.0017603269149506346,0.924112551186973,-3.285349543116959e-19,0.38212039037285644,-1.7750363068673016e-19,0.7062444976160448,4.715510362649284e-19,0.7079680145225915,44.930173015068696
8,0.8,0.00908708103787666,1.0442106501145485e-18,3.4532766555436933,0.011358162606376334,-6.370951626916046e-18,-0.05828211465421674,0.05937855459978923,3.1263206816767693e-19,-0.0017659080344556576,2.164379135963386e-18,0.0017659080344556576,0.9241462337059873,-4.1490799635302145e-19,0.38203892305240145,-2.260851413334847e-19,0.7061196637359365,5.941246765018956e-19,0.7080925225459225,44.92007111015053
9,0.9,0.010222888342847675,1.8779369289077145e-18,3.447449981572868,0.01135798291237044,1.583665618919921e-17,-0.05825134500546243,0.059348319022387755,-4.437853594891451e-18,-0.0017715118821047592,8.92705472243805e-19,0.0017715118821047592,0.9241800158473711,-4.567706535477756e-19,0.3819571943403514,-2.995763788449133e-19,0.7059944118369668,6.154259133603041e-19,0.7082174033832942,44.909937162718705
10,1.0,0.011358677557061372,1.6336162805668477e-18,3.4416263886062413,0.011357800785453391,-6.996761571998245e-18,-0.05822049451660922,0.05931800418456921,-5.8457351220654925e-18,-0.0017771385604011924,2.6967148326904934e-18,0.0017771385604011924,0.9242138979772441,-4.715710795233136e-19,0.38187520315635626,-3.0918774525916664e-19,0.705868740099976,6.355228250905572e-19,0.7083426584285835,44.899771042257065
11,1.1,0.012494448436238186,2.546375793921035e-18,3.4358058847401454,0.011357616205808002,5.615389112611279e-19,-0.058189562941137835,0.05928760984522039,-4.9355399526959375e-18,-0.0017827881722710813,8.843445986345036e-19,0.0017827881722710813,0.9242478804630903,-4.496566790536935e-19,0.381792948415087,-3.2081677514326697e-19,0.7057426466967962,5.862173001369607e-19,0.7084682890810294,44.88957261766096
12,1.2000000000000002,0.013630200734109098,3.0707759744857462e-18,3.4299884780955936,0.011357429153461933,-1.3934641362686304e-17,-0.0581585500319478,0.05925713576266138,4.404768841852896e-19,-0.0017884608210639262,5.948524468354992e-19,0.0017884608210639262,0.9242819636737609,-3.83135456842114e-19,0.3817104290262144,-3.1422384693012547e-19,0.7056161297902064,4.683653459622137e-19,0.708594296745247,44.879341757234734
13,1.3,0.014765934202400056,4.601161024829974e-18,3.4241741768183385,0.01135723960828655,2.924989271135858e-18,-0.058127455541359424,0.05922658169464746,-4.285664381779896e-18,-0.0017941566105531257,-1.3321476473366126e-18,0.0017941566105531257,0.9243161479794773,-2.6360251523645277e-19,0.381627643894387,-2.9409037868842684e-19,0.705489187533887,2.6283808634037415e-19,0.7087206828312378,44.86907832868949
14,1.4000000000000001,0.01590164859081629,6.833959108778596e-18,3.4183629890789295,0.011357047549995695,1.8334563972345653e-19,-0.058096279221115585,0.05919594739837086,4.414820752323587e-18,-0.001799875644936553,-1.292323893266931e-18,0.001799875644936553,0.9243504337518338,-2.5150115145066287e-19,0.3815445919192103,-2.927347129387385e-19,0.705361818072377,2.415677036874155e-19,0.7088474487544065,44.858782199140386
15,1.5,0.017037343647026512,7.612256976063524e-18,3.412554923072771,0.011356852958144741,-1.9538892752424835e-18,-0.058065020822384274,0.059165232630463305,-4.208233417495896e-18,-0.0018056180288369519,-8.816536798392368e-20,0.0018056180288369519,0.9243848213638005,-2.169661809360009e-19,0.3814612719952245,-3.366452931611338e-19,0.7052340195410275,1.442862053321197e-19,0.7089745959355707,44.848453235104465
16,1.6,0.018173019116646982,6.251759409182368e-18,3.4067499870201785,0.011356655812128977,-4.035090581136355e-19,-0.05803368009576061,0.05913443714699789,8.203831815884705e-19,-0.001811383867302431,4.018429721187677e-20,0.001811383867302431,0.9244193111897261,-1.254319430189128e-19,0.38137768301188313,-2.7404624282977957e-19,0.7051057900659574,2.2873178476398213e-20,0.7091021258009753,44.83809130249806
17,1.7000000000000002,0.01930867474322546,7.844345217892986e-18,3.4009481891664373,0.011356456091182769,-4.309866997376276e-18,-0.05800225679126893,0.05910356070349116,-1.2038657237897253e-17,-0.0018171732658068872,1.3637455589417648e-18,0.0018171732658068872,0.9244539036053405,2.504106571707242e-20,0.38129382385353144,-2.0071379206647563e-19,0.7049771277640084,-1.993604804595091e-19,0.7092300397823044,44.827696266634426
18,1.8,0.02044431026822505,5.2926056851905166e-18,3.3951495377818577,0.011356253774378103,4.534452518206098e-19,-0.057970750658365225,0.05907260305490549,-1.7143225253705735e-18,-0.0018229863302504272,1.1394673156650987e-19,0.0018229863302504272,0.9244885989877578,-2.710196491479868e-19,0.3812096933993846,-3.561316934198834e-19,0.7048480307426995,2.2958744416115716e-19,0.7093583393166945,44.817267992221254
19,1.9000000000000001,0.021579925431007885,5.816351161088424e-18,3.3893540411618344,0.011356048840623387,-1.9046867069110796e-17,-0.05793916144593939,0.05904156395565122,-4.256763239397499e-18,-0.0018288231669597074,2.294726309032331e-19,0.0018288231669597074,0.9245233977154786,-2.3437652399877494e-19,0.3811252905235061,-3.251815613191316e-19,0.7047184971001815,1.85503326562899e-19,0.7094870258467463,44.80680634335825
20,2.0,0.02271551996881874,4.683568756786176e-18,3.3835617076268996,0.011355841268662289,5.0361069452093894e-18,-0.057907488902317894,0.05901044315958933,3.526731795784972e-18,-0.0018346838826883442,-1.262899936433824e-18,0.0018346838826883442,0.9245583001683931,-3.188636346640616e-19,0.38104061409478573,-3.541928145651627e-19,0.7045885249251915,3.1969234496130026e-19,0.709616100820537,44.79631118353471
21,2.1,0.023851093616768473,4.3946665445853055e-18,3.3777725455227823,0.011355631037072619,9.677344118835464e-19,-0.05787573277526596,0.05897924042003357,-8.03774834134212e-18,-0.0018405685846171983,3.0325311327019163e-19,0.0018405685846171983,0.9245933067277833,-4.609579508774719e-19,0.3809556629769182,-3.2549509739348535e-19,0.7044581122970075,6.04398870881986e-19,0.7097455656916334,44.785782375627015
22,2.2,0.024986646107817357,3.3851495908006977e-18,3.3719865632204624,0.01135541812426461,4.179352185064743e-18,-0.05784389281199018,0.058947955489752873,-2.6626195814814307e-18,-0.0018464773803546991,5.5306137811873005e-19,0.0018464773803546991,0.9246284177763255,-6.99899656029294e-19,0.3808704360283808,-3.6584523575397075e-19,0.7043272572854019,1.0156149541920798e-18,0.7098754219191024,44.775219781896226
23,2.3000000000000003,0.02612217717275831,5.477454592463057e-18,3.366203769116227,0.01135520250848023,7.98115137960653e-18,-0.05781196875914138,0.05891658812097434,1.2621972426119193e-19,-0.0018524103779371073,5.717304289799286e-19,0.0018524103779371073,0.9246636336980932,-8.033765125467506e-19,0.38078493210241193,-3.397119555567393e-19,0.7041959579505959,1.2269917027762593e-18,0.7100056709675231,44.764623263985676
24,2.4000000000000004,0.02725768654019996,2.6247103411753355e-18,3.3604241716317267,0.011354984167791399,3.608330072507219e-18,-0.05777996036281683,0.0588851380653852,-3.781661673405551e-18,-0.001858367685828764,1.0702070984520059e-18,0.001858367685828764,0.9246989548785594,-9.193590989961977e-19,0.38069915004698923,-3.214404163013006e-19,0.7040642123432136,1.455516609446445e-18,0.7101363143069999,44.75399268291843
25,2.5,0.028393173936549602,3.4215926999173824e-18,3.3546477792140283,0.01135476308009927,-6.25159416332805e-18,-0.05774786736856347,0.05885360507413614,1.9731897865135988e-18,-0.00186434941292231,-5.184466942509949e-19,0.00186434941292231,0.9247343817045988,-1.0577316709612199e-18,0.38061308870480737,-3.6838384603989603e-19,0.7039320185042353,1.6758182585709895e-18,0.7102673534131732,44.74332789909483
26,2.6,0.029528639085996036,1.3242806784801718e-18,3.3488746003356726,0.011354539223132254,-2.7031575882492674e-18,-0.0577156895213803,0.05882198889784344,-5.417766222507028e-18,-0.0018703556685388965,1.347823655258431e-18,0.0018703556685388965,0.9247699145644903,-9.455705935584307e-19,0.3805267469132563,-3.615140283284817e-19,0.7037993744649509,1.4737389597127608e-18,0.7103987897672295,44.73262877229018
27,2.7,0.030664081710492255,-7.400382505081325e-19,3.3431046434947276,0.01135431257444533,7.350193738263471e-18,-0.05768342656572162,0.058790289286592266,5.291176089067683e-19,-0.0018763865624282648,-2.2250500389004287e-18,0.0018763865624282648,0.9248055538479197,-1.095691278183438e-18,0.3804401235043992,-4.2215113553804056e-19,0.7036662782469137,1.70539629845031e-18,0.7105306248559151,44.721895161652114
28,2.8000000000000003,0.03179950152973801,3.6807811505497027e-19,3.337337917214843,0.011354083111418382,1.9675819151809172e-17,-0.057651078245499435,0.058758505989938974,-2.6081385939349574e-18,-0.0018824422047689908,7.682964961858576e-19,0.0018824422047689908,0.9248412999459816,-1.3087470628895203e-18,0.3803532173049507,-5.00111783433156e-19,0.703532727861894,2.0403284182046234e-18,0.7106628601715463,44.711126925698196
29,2.9000000000000004,0.03293489826116226,-3.8734157392868946e-19,3.331574430045304,0.011353850811255119,3.536091155102312e-18,-0.05761864430408726,0.058726638756914785,-1.9734313659545054e-18,-0.0018885227061684925,9.121688325868191e-19,0.0018885227061684925,0.9248771532511815,-1.5026319495627588e-18,0.3802660271362546,-5.358234000440658e-19,0.7033987213118315,2.3719890486289605e-18,0.7107954972120187,44.7003239223136
30,3.0,0.03407027161990547,-2.723026146900852e-19,3.325814190561086,0.011353615650981535,3.036896200644777e-17,-0.05758612448432246,0.05869468733602808,-4.46655141802341e-18,-0.0018946281776631305,-1.446806553288099e-18,0.0018946281776631305,0.9249131141574384,-1.4607812183510881e-18,0.3801785518142622,-5.656922468352508e-19,0.7032642565887885,2.2720632931868403e-18,0.7109285374808212,44.68948600874839
31,3.1,0.035205621318801776,-1.1440775700661227e-18,3.320057207362906,0.011353377607444707,-2.3184514317806496e-17,-0.057553518528509665,0.05866265147526774,-8.0512948719685925e-19,-0.0019007587307182199,-2.5281487814406106e-19,0.0019007587307182199,0.9249491830600866,-1.498095244062946e-18,0.38009079014950964,-5.865838838131473e-19,0.7031293316749034,2.3254136805094306e-18,0.711061982487043,44.678613041615336
32,3.2,0.03634094706836102,-1.480249177184214e-18,3.31430348907728,0.011353136657311403,-2.0703298178141233e-17,-0.05752082617842411,0.05863053092210635,2.3484530489293435e-18,-0.0019069144772280698,-3.9577716890783047e-19,0.0019069144772280698,0.9249853603558782,-1.684742606624548e-18,0.3800027409470966,-6.109370544858284e-19,0.7029939445423431,2.652408983689497e-18,0.7111958337453876,44.667704876887235
33,3.3000000000000003,0.03747624857675068,-1.644855213638946e-18,3.308553044356569,0.011352892777066872,-5.793186375931066e-18,-0.05748804717531476,0.0585983254235033,-8.572823440452302e-19,-0.0019130955295159292,-2.0859766906668336e-19,0.0019130955295159292,0.9250216464429849,-1.742877793739282e-18,0.37991440300666357,-6.493711263648085e-19,0.7028580931532552,2.7309884850219536e-18,0.7113300927761812,44.65676136989455
34,3.4000000000000004,0.03861152554977762,-2.3029186470612023e-18,3.3028058818790385,0.011352645943013207,2.1147016789561307e-17,-0.05745518125990778,0.05856603472590809,-9.278246912451865e-19,-0.0019193020003339181,6.971210089545228e-19,0.0019193020003339181,0.9250580417209996,-1.5250853439864476e-18,0.37982577512237,-6.234216547640858e-19,0.7027217754597207,2.3480016970333216e-18,0.7114647611053813,44.64578237532307
35,3.5,0.039746777690869727,-3.984016168817235e-18,3.2970620103489057,0.011352396131268283,2.2454510238510163e-18,-0.057422228172409745,0.058533658575263534,-2.5627236610299897e-18,-0.0019255340028629113,1.0812835450668804e-18,0.0019255340028629113,0.9250945465909395,-1.5947543247621632e-18,0.3797368560828726,-5.875166961423227e-19,0.7025849894037077,2.5043935718010222e-18,0.7115998402645918,44.63476774721111
36,3.6,0.0408820047010574,-4.316864276422332e-18,3.291321438496394,0.01135214331776423,-1.3459900870853627e-17,-0.057389187652511706,0.05850119671700965,3.5773080669892744e-20,-0.001931791650712455,1.1779010044372974e-19,0.001931791650712455,0.925131161455246,-1.5514812450746993e-18,0.37964764467130224,-5.172029686935853e-19,0.7024477329170208,2.4779375147009256e-18,0.7117353317910649,44.623717338947586
37,3.7,0.042017206278954916,-3.595049156386863e-18,3.285584175077782,0.011351887478245974,-7.44092573615922e-18,-0.05735605943939189,0.058468648896086294,-1.3145348786441793e-18,-0.0019380750579205456,-1.0335964296098135e-19,0.0019380750579205456,0.9251678867177892,-1.5337269449856662e-18,0.37955813966524304,-5.097888124393596e-19,0.7023100039212568,2.4509208464457657e-18,0.7118712372277198,44.61263100326889
38,3.8000000000000003,0.04315238212074166,-2.7365201938692014e-18,3.279850228875458,0.0113516285882701,6.3498831917870215e-18,-0.057322843271720325,0.058436014856937696,6.94781958999648e-18,-0.0019443843389534221,-1.1694216661563875e-18,0.0019443843389534221,0.925204722783867,-1.5268113928710434e-18,0.37946833983670897,-5.242162848889891e-19,0.7021718003277531,2.4273792562846233e-18,0.7120075581231444,44.601508592257055
39,3.9000000000000004,0.04428753192014319,-4.073652476595706e-18,3.274119608697967,0.01135136662320316,1.8176386428598097e-17,-0.057289538887661855,0.058403294343515336,-6.626182707810132e-18,-0.0019507196087053926,1.4320047461939716e-18,0.0019507196087053926,0.9252416700602084,-1.2153118743751572e-18,0.3793782439521226,-4.160735319131551e-19,0.7020331200375421,1.9332158847974048e-18,0.7121442960316071,44.59034995733708
40,4.0,0.045422655368412175,-4.22604947036679e-18,3.268392323380063,0.011351101558220488,-5.701207538486404e-18,-0.05725614602488022,0.05837048709928196,-1.4399633067613271e-18,-0.0019570809824984493,1.2925100074102588e-19,0.0019570809824984493,0.9252787289549754,-1.3317712756896697e-18,0.3792878507722929,-4.2815284926992618e-19,0.7018939609413031,2.13973291845452e-18,0.7122814525130698,44.57915494927413
41,4.1000000000000005,0.04655775215430922,-6.7819644018135394e-18,3.2626683817827598,0.011350833368304681,-5.350519144683947e-18,-0.0572226644205422,0.058337592867215605,-2.0435314334309306e-18,-0.0019634685760819997,9.49971565267913e-19,0.0019634685760819997,0.9253158998777632,-1.794639280860901e-18,0.3791971590523924,-5.780810175820747e-19,0.7017543209193114,2.882803163113095e-18,0.7124190291331893,44.56792341817172
42,4.2,0.047692821964083476,-7.347906030989648e-18,3.2569477927933774,0.01135056202824412,-3.739213571422835e-18,-0.05718909381132106,0.05830461138981288,-7.975060305672883e-18,-0.001969882505632532,7.327841471346094e-19,0.001969882505632532,0.9253531832396027,-1.7105031329374686e-18,0.3791061675419357,-5.606477840013954e-19,0.7016141978413927,2.7405489725427037e-18,0.7125570274633315,44.55665521346881
43,4.3,0.04882786448145321,-7.050617885304626e-18,3.2512305653255944,0.011350287512631684,-2.4111990696682078e-17,-0.0571554339334011,0.058271542409093484,-5.749571693902132e-18,-0.001976322887753177,-1.041574613260516e-19,0.001976322887753177,0.9253905794529621,-1.6406971301102815e-18,0.3790148749847571,-5.705097054260416e-19,0.7014735895668728,2.6041080065198474e-18,0.7126954490805779,44.54535018393745
44,4.4,0.04996287938758613,-7.597140788418709e-18,3.2455167083194945,0.01135000979586328,6.888360771114118e-18,-0.05712168452248146,0.058238385666603866,-2.816167276611075e-18,-0.001982789839473259,-9.073741728377596e-19,0.001982789839473259,0.9254280889317477,-1.6720707135365203e-18,0.3789232801189883,-5.478920944214315e-19,0.7013324939445292,2.6795442708348286e-18,0.7128342955677334,44.534008177680484
45,4.5,0.05109786636107964,-9.337014206687059e-18,3.239806230741616,0.01134972885213618,1.0202432556199757e-17,-0.05708784531378058,0.058205140903421514,2.265504338881031e-20,-0.0019892834782478564,1.1934460706627881e-19,0.0019892834782478564,0.9254657120913057,-1.5062641417881135e-18,0.37883138167703645,-4.844549907237739e-19,0.7011909088125435,2.4209381261626254e-18,0.7129735685133349,44.52262904212894
46,4.6000000000000005,0.05223282507794089,-7.998342009192001e-18,3.234099141585,0.011349444655447872,1.691464217628559e-18,-0.05705391604204034,0.05817180786015905,3.0351668286561294e-18,-0.001995803921957262,-7.964889653900489e-19,0.001995803921957262,0.9255034493484233,-1.457315146598401e-18,0.37873917838556187,-4.340931197217212e-19,0.7010488319984507,2.368684246916586e-18,0.7131132695116591,44.51121262403965
47,4.7,0.05336775521156675,-6.2992825035538786e-18,3.228395449869235,0.011349157179594345,-1.2742223185428977e-17,-0.05701989644153056,0.05813838627696857,-5.351387739051096e-18,-0.0020023512889063857,2.576330675504472e-18,0.0020023512889063857,0.92554130112133,-1.8427854863897093e-18,0.3786466689654559,-5.350883545702499e-19,0.7009062613190912,3.0059293074008054e-18,0.7132534001627291,44.499758769492864
48,4.800000000000001,0.054502656432723555,-4.947532791935531e-18,3.222695164640508,0.011348866398168707,-7.855241912226035e-18,-0.05698578624605339,0.05810487589354589,-1.1822937628069511e-17,-0.0020089256978241773,9.120573159856873e-19,0.0020089256978241773,0.9255792678296987,-1.8199839953842497e-18,0.3785538521318189,-5.162480741192637e-19,0.7007631945805619,2.978223513592087e-18,0.7133939620723222,44.48826732388978
49,4.9,0.05563752840952675,-5.768653424992481e-18,3.2169982949716487,0.01134857228455981,-2.983878196341083e-17,-0.05695158518894794,0.0580712764491351,-8.001595232643435e-18,-0.002015527267862989,8.420080353723071e-19,0.002015527267862989,0.9256173498946467,-1.9578949557206565e-18,0.3784607265939379,-5.567650528614872e-19,0.7006196295781666,3.2030956676763603e-18,0.7135349568519778,44.47673813195005
50,5.0,0.05677237080742041,-6.1446694924673394e-18,3.2113048499621755,0.011348274811950531,8.450216086458067e-18,-0.05691729300309493,0.05803758768253303,-2.9149297913540307e-18,-0.0020221561185978384,-5.561948859683064e-19,0.0020221561185978384,0.9256555477387368,-2.2799384362391277e-18,0.3783672910552646,-7.5946131147965175e-19,0.700475564096366,3.646164685843389e-18,0.7136763861190016,44.46517103770955
51,5.1000000000000005,0.05790718328915655,-7.184638107498003e-18,3.205614838738341,0.011347973953316439,-7.587143964930608e-18,-0.05688290942092125,0.058003809332093696,-2.9598551556932174e-18,-0.0020288123700256877,-1.624462464744854e-18,0.0020288123700256877,0.9256938617859785,-2.7568033411886423e-18,0.3782735442133934,-9.097181958736583e-19,0.7003309959087304,4.4156672098017195e-18,0.7138182514964764,44.45356588451764
52,5.2,0.059041965514774315,-4.84435700320755e-18,3.1999282704531793,0.011347669681424142,-9.179209722850806e-18,-0.05684843417440531,0.0579699411357335,-3.976853030453307e-18,-0.0020354961425646315,-2.615408022205137e-19,0.0020354961425646315,0.925732292461828,-2.799982793369108e-18,0.3781794847600389,-9.51341503762265e-19,0.7001859227778875,4.464513300871207e-18,0.7139605546132628,44.44192251503517
53,5.300000000000001,0.06017671714157903,-4.456679411739768e-18,3.1942451542865475,0.011347361968829916,2.003209944520708e-17,-0.05681386699508103,0.05793598283093508,2.5053872461898225e-18,-0.0020422075570530806,-3.975444469281818e-19,0.0020422075570530806,0.9257708401931906,-2.763970496420859e-18,0.37808511138101447,-9.973940268244247e-19,0.7000403424554756,4.3634069140361145e-18,0.714103297104012,44.43024077123154
54,5.4,0.06131143782412106,-6.02182981877959e-18,3.188565499445172,0.011347050787878054,5.174757648768667e-18,-0.05677920761404388,0.05790193415475327,4.808337833146063e-19,-0.002048946734748898,-3.6898939939124967e-19,0.002048946734748898,0.9258095054084193,-2.9947513715376484e-18,0.37799042275620964,-1.0558989717122796e-18,0.6998942526820916,4.746899174798168e-18,0.714246480609164,44.41852049438292
55,5.5,0.06244612721417457,-6.98012451240565e-18,3.182889315162691,0.011346736110699458,-6.699668813634511e-20,-0.056744455761955324,0.05786779484381927,-7.077082257476081e-18,-0.0020557137973284023,6.6002291348000995e-19,0.0020557137973284023,0.9258482885373174,-3.2684801548836356e-18,0.37789541755956824,-1.1282766808159745e-18,0.6997476511872424,5.1994923401950474e-18,0.7143901067749594,44.40676152506928
56,5.6000000000000005,0.06358078496071606,-6.407102121296094e-18,3.1772166106996984,0.011346417909209962,2.622594003879448e-17,-0.056709611169048296,0.0578335646343461,1.8411126321687982e-19,-0.0020625088668854395,-4.2670908869126993e-19,0.0020625088668854395,0.9258871900111376,-2.9878162952101756e-18,0.3778000944590665,-9.98891755568062e-19,0.6996005356892948,4.777998868467281e-18,0.7145341772534408,44.394963703172394
57,5.7,0.06471541070990285,-7.316516645025813e-18,3.171547395343786,0.01134609615510874,-2.0193120287120474e-17,-0.05667467356513228,0.05779924326213343,-1.6000644524935144e-19,-0.002069332065930316,2.573680018971383e-19,0.002069332065930316,0.9259262102625837,-3.113611145817368e-18,0.37770445211669096,-1.0554151531675354e-18,0.6994529038954264,4.968678332590437e-18,0.7146786937024607,44.383126867873145
58,5.800000000000001,0.06585000410505124,-6.81413588107639e-18,3.165881678409586,0.011345770819876923,9.024843823775242e-18,-0.05663964267959892,0.05776483046257311,-4.567121624773116e-18,-0.002076183517388717,7.323162790591102e-19,0.002076183517388717,0.9259653497258099,-3.1431416689229125e-18,0.3776084891884167,-1.0656283131715807e-18,0.699304753501574,5.016099954657698e-18,0.7148236577856828,44.37125085764943
59,5.9,0.06698456478661473,-7.721110433202582e-18,3.160219469238812,0.011345441874775899,-3.0752229645734935e-18,-0.05660451824142735,0.05773032597065428,-1.611531613621248e-18,-0.002083063344600616,-9.130622340642458e-21,0.002083063344600616,0.9260046088364219,-3.001451246908983e-18,0.3775122043241853,-1.0350443098420579e-18,0.6991560821923852,4.777231657707726e-18,0.7149690711725893,44.35933551027356
60,6.0,0.0681190923921619,-6.377745094685434e-18,3.1545607772002997,0.011345109290845722,-7.33073791930398e-19,-0.05656929997918987,0.05769572952096892,-6.618529883907101e-18,-0.0020899716713189925,1.4377171230371964e-18,0.0020899716713189925,0.9260439880314767,-2.899312338310716e-18,0.3774155961678828,-9.796028396369785e-19,0.6990068876411669,4.6303467411775605e-18,0.7151149355384836,44.34738066281001
61,6.1000000000000005,0.06925358655635423,-7.076647762931021e-18,3.1489056116900485,0.011344773038903523,1.8678689336101992e-18,-0.056533987621057546,0.057661040847717275,-3.652814534887277e-18,-0.0020969086217086682,-9.424812948010141e-20,0.0020969086217086682,0.9260834877494831,-2.9550617177201777e-18,0.3773186633573181,-9.774863314133878e-19,0.6988571675098365,4.735620052084665e-18,0.7152612525644941,44.33538615161301
62,6.2,0.07038804691092371,-6.459206614934765e-18,3.14325398213126,0.011344433089542024,-2.4658828205334188e-17,-0.05649858089480606,0.057626259684713535,-8.821217571765015e-19,-0.0021038743203449757,-1.394084332099707e-18,0.0021038743203449757,0.9261231084304015,-3.042688739138278e-18,0.37722140452420116,-1.0065892383122851e-18,0.6987069194488702,4.876394693643629e-18,0.7154080239375784,44.32335181232421
63,6.300000000000001,0.07152247308465029,-7.311265198080065e-18,3.137605897974378,0.011344089413127754,-6.353003808321643e-18,-0.056463079527821446,0.05759138576539139,3.80099372276191e-18,-0.0021108688922124095,3.704536319046173e-19,0.0021108688922124095,0.9261628505156438,-3.079043539912568e-18,0.37712381829412117,-9.69675450002732e-19,0.698556141097254,4.972016067152204e-18,0.7155552513505257,44.31127747987032
64,6.4,0.07265686470333925,-8.958482767601575e-18,3.1319613686971275,0.011343741979799551,-3.1021429887337595e-17,-0.05642748324710651,0.057556418822810304,-1.639868445216945e-18,-0.0021178924627031845,7.914438158797796e-19,0.0021178924627031845,0.9262027144480738,-3.2555853939398314e-18,0.3770259032865246,-1.0349117754174295e-18,0.698404830082432,5.250286964071912e-18,0.7157029365019603,44.29916298846075
65,6.5,0.07379122138979831,-1.0893986031999326e-17,3.126320403804551,0.011343390759466816,-2.2788679763454332e-17,-0.05639179177928605,0.05752135858966051,2.2214784383762705e-18,-0.0021249451576158393,4.3035913038073006e-19,0.0021249451576158393,0.9262427006720065,-3.5126371185788254e-18,0.3769276581146941,-1.0469444729404705e-18,0.698252984020258,5.717864325663224e-18,0.7158510810963445,44.28700817158527
66,6.6000000000000005,0.07492554276381459,-1.4100702242583162e-17,3.1206830128290486,0.011343035721808087,1.0352633065165828e-17,-0.056356004850614094,0.05748620479827011,-2.0692865102948997e-18,-0.002132027103153615,1.5266520283492592e-18,0.002132027103153615,0.926282809633208,-3.4404661737979542e-18,0.37682908138572613,-9.797148088900212e-19,0.6981006005149424,5.635319284919126e-18,0.7159996868439795,44.274812862011785
67,6.7,0.07605982844213148,-1.4412084185385517e-17,3.1150492053304126,0.011342676836269147,2.9869588314924037e-17,-0.05632012218697938,0.05745095718061034,-2.7032723072189104e-18,-0.0021391384259229415,-2.0920603581525345e-19,0.0021391384259229415,0.9263230417788948,-3.691577199032885e-18,0.37673017170051015,-1.1156445369075359e-18,0.6979476771590037,5.9985921240476854e-18,0.7161487554610082,44.26257689178393
68,6.800000000000001,0.07719407803842522,-1.4387937783145906e-17,3.1094189908958643,0.011342314072061557,1.8854360694656955e-18,-0.056284143513912234,0.057415615468302296,-4.125503422328593e-18,-0.0021462792529317624,1.085365737102864e-19,0.0021462792529317624,0.9263633975577341,-3.720986734167156e-18,0.3766309276537064,-1.1590371782182859e-18,0.6977942115332173,6.020913331425713e-18,0.7162982886694171,44.250300092218744
69,6.9,0.07832829116328148,-1.4550496458031844e-17,3.1037923791400903,0.011341947398160832,4.835666137166945e-18,-0.05624806855659073,0.05738017939262283,2.6507841334834302e-18,-0.002153449711587813,-7.038464329976948e-19,0.002153449711587813,0.9264038774198424,-3.921467833266938e-18,0.37653134783372516,-1.2377097885230364e-18,0.6976402012065648,6.333652942032212e-18,0.7164482881970369,44.237982293904466
70,7.0,0.0794624674241716,-1.630479688538349e-17,3.098169379705277,0.011341576783304918,-1.0487643402186125e-17,-0.05621189703984779,0.05734464868451153,-2.5380498525066117e-19,-0.0021606499296968973,9.661764949176822e-19,0.0021606499296968973,0.9264444818167852,-3.651366770636642e-18,0.3764314308227044,-1.1731259526638026e-18,0.6974856437361828,5.882374229698018e-18,0.7165987557775433,44.2256233266982
71,7.1000000000000005,0.08059660642542879,-1.5212464541047124e-17,3.0925500022611434,0.011341202195992434,2.425155634379927e-17,-0.05617562868817715,0.05730902307457644,-2.7276633262729468e-18,-0.002167880035461006,3.322366861724695e-19,0.002167880035461006,0.9264852112015762,-3.903788017398934e-18,0.3763311751964895,-1.2546653262499178e-18,0.6973305366673139,6.289264378160231e-18,0.7167496931504587,44.21322301972357
72,7.2,0.0817307077682241,-1.473635156727925e-17,3.086934256504977,0.011340823604480977,-1.1806126873816503e-17,-0.05613926322574101,0.05727330229310154,-7.504026736360829e-18,-0.002175140157476427,1.7048531042856044e-19,0.002175140157476427,0.9265260660286765,-4.277038541631557e-18,0.37623057952461125,-1.3881156729537162e-18,0.6971748775332544,6.8810722602966836e-18,0.7169011020611507,44.20078120136863
73,7.300000000000001,0.0828647710505422,-1.3111374759506642e-17,3.081322152161665,0.011340440976785462,1.2202568717208606e-17,-0.05610280037637652,0.057237486070052974,5.879313355626999e-19,-0.002182430424731812,-1.0571427089418137e-18,0.002182430424731812,0.9265670467539933,-4.369101458963501e-18,0.3761296423702649,-1.3737809645378885e-18,0.6970186638553041,7.063091385827322e-18,0.7170529842608335,44.1882976992834
74,7.4,0.08399879586715711,-1.4688187590961626e-17,3.0757136989837277,0.011340054280676411,1.0223132584219169e-17,-0.05606623986360295,0.05720157413508607,-1.1587417455383973e-18,-0.002189750966606104,5.121919337754921e-19,0.002189750966606104,0.9266081538348792,-4.359508258934637e-18,0.376028362290289,-1.3005833562156729e-18,0.6968618931427156,7.100999339959091e-18,0.7172053415065662,44.17577234037782
75,7.5,0.0851327818096076,-1.5052470700010846e-17,3.0701089067513476,0.011339663483678174,-1.4822845131405848e-18,-0.056029581410628755,0.057165566217552144,-5.410051142661046e-18,-0.0021971019128664854,8.154097352758645e-20,0.0021971019128664854,0.9266493877301311,-4.262714851566311e-18,0.37592673783514435,-1.284995555592378e-18,0.696704562892644,6.933955839851114e-18,0.7173581755612535,44.1632049508193
76,7.6000000000000005,0.08626672846617248,-1.4816528976695728e-17,3.0645077852724025,0.01133926855306727,1.2440464707617329e-17,-0.05599282474035913,0.05712946204650587,-1.141629970276222e-19,-0.002204483393666199,6.421179520702329e-19,0.002204483393666199,0.9266907488999881,-4.183889198956626e-18,0.3758247675488929,-1.2455128719967286e-18,0.696546670590095,6.818153658996725e-18,0.7175114881936417,44.15059535603074
77,7.7,0.08740063542184581,-1.5497854781455047e-17,3.058910344382495,0.01133886945587062,6.045207128962438e-18,-0.05595596957540316,0.05709326135071213,-5.633495168686343e-18,-0.0022118955395422977,1.0976744773139476e-18,0.0022118955395422977,0.9267322378061311,-4.193119921222134e-18,0.3757224499691769,-1.244304383623489e-18,0.696388213707875,6.8367726329225056e-18,0.7176652811783191,44.13794338068824
78,7.800000000000001,0.08853450225831179,-1.385691375555846e-17,3.053316593944981,0.011338466158863867,-2.1505919257896515e-17,-0.05591901563808148,0.057056963858653595,-1.0868433932367049e-18,-0.002219338481413338,-1.3677170287632846e-18,0.002219338481413338,0.9267738549116806,-4.289619169894048e-18,0.37561978362719833,-1.1655699961648743e-18,0.6962291897065399,7.07539148884789e-18,0.7178195562957137,44.12524884871878
79,7.9,0.08966832855391954,-1.3488917670876827e-17,3.0477265438509984,0.011338058628569552,-9.59405543112276e-18,-0.05588196265043386,0.057020569298537924,2.6613877195944597e-18,-0.002226812350577048,3.87630707653749e-19,0.002226812350577048,0.9268156006811954,-4.396191996728295e-18,0.3755167670476978,-1.1995587556949148e-18,0.6960695960343452,7.24800980067057e-18,0.7179743153320901,44.11251158329821
80,8.0,0.09080211388365775,-1.4263160133129714e-17,3.0421402040194954,0.011337646831255354,-7.94628204016748e-18,-0.055844810334227,0.05698407739830541,-2.85539057907103e-18,-0.0022343172787078415,2.377391115079189e-19,0.0022343172787078415,0.9268574755806709,-4.554096394189223e-18,0.37541339874893404,-1.2315565630147754e-18,0.6959094301271935,7.517310904792653e-18,0.7181295600795479,44.09973140684892
81,8.1,0.09193585781912904,-1.4629406369247847e-17,3.0365575843972565,0.011337230732932373,-6.117872701213945e-18,-0.055807558410962396,0.05694748788563659,-7.6749194300336e-19,-0.0022418533978543174,-2.1434715793114245e-19,0.0022418533978543174,0.9268994800775368,-4.717855326407656e-18,0.37530967724266345,-1.3127623696859987e-18,0.6957486894085858,7.760570455730255e-18,0.7182852923360159,44.086908141037924
82,8.200000000000001,0.09306955992852428,-1.8177776421089537e-17,3.0309786949589292,0.0113368102993534,-2.4207310506712073e-17,-0.055770206601884476,0.05691080048796014,-4.827832365060596e-18,-0.0022494208404366285,-4.644793225723484e-20,0.0022494208404366285,0.9269416146406554,-4.7904087779875765e-18,0.3752056010341195,-1.302648359461881e-18,0.6955873712895686,7.903336573617136e-18,0.7184415139052505,44.07404160677452
83,8.3,0.09420321977659663,-1.9769139270946196e-17,3.0254035457070496,0.011336385496010985,1.464253069278107e-17,-0.055732754627988455,0.05687401493246047,3.4361604526436136e-18,-0.002257019739243873,-2.692705322064725e-19,0.002257019739243873,0.9269838797403198,-4.891458483506362e-18,0.3751011686219924,-1.2827554232104755e-18,0.6954254731686849,8.106280208653962e-18,0.7185982265968314,44.061131624208215
84,8.4,0.09533683692463542,-2.0833343154250247e-17,3.0198321466720657,0.011335956288135727,-9.997932518402966e-18,-0.05569520221002877,0.05683713094608592,-3.058569403109645e-18,-0.0022646502274312787,-8.008432248493411e-20,0.0022646502274312787,0.9270262758482514,-5.022497255000311e-18,0.3749963784984089,-1.369982911116407e-18,0.6952629924319226,8.284496590975287e-18,0.7187554322261565,44.04817801272662
85,8.5,0.09647041093043991,-2.1532995524131624e-17,3.014264507912362,0.011335522640694418,6.7245885965022365e-18,-0.055657549068527545,0.05680014825555693,-3.795031625930734e-18,-0.0022723124385174475,2.1363680175218985e-19,0.0022723124385174475,0.9270688034375971,-5.173629045078008e-18,0.3748912291489121,-1.4419914138497896e-18,0.6950999264526639,8.511440309380283e-18,0.7189131326144362,44.03518059095346
86,8.6,0.0976039413482928,-2.1961376297963022e-17,3.0087006395142826,0.01133508451838846,-1.3292057512271368e-17,-0.05561979492378294,0.05676306658737423,-1.0620892144956644e-18,-0.0022800065063813472,2.230979762940467e-18,0.0022800065063813472,0.9271114629829277,-5.216675387863743e-18,0.3747857190524415,-1.4143673428032736e-18,0.6949362725916352,8.612709738345142e-18,0.719071329588689,44.02213917674637
87,8.700000000000001,0.09873742772893353,-2.167934184425583e-17,3.0031405515921525,0.011334641885651774,1.2676443664494479e-18,-0.055581939495877884,0.056725885667827186,2.8468849789555205e-18,-0.0022877325652594796,3.8148175197497014e-19,0.0022877325652594796,0.9271542549602347,-5.1886092565463275e-18,0.37467984668131304,-1.3265343158432394e-18,0.6947720281968556,8.627230950910685e-18,0.7192300249817358,44.00905358719485
88,8.8,0.09987086961953157,-2.1769474855257967e-17,2.997584254288299,0.011334194706649026,-4.9815522702560926e-18,-0.05554398250468867,0.056688605223002196,-2.6098280691499774e-19,-0.002295490749742666,-9.815784535875177e-19,0.002295490749742666,0.9271971798469277,-5.322945514979466e-18,0.3745736105011991,-1.316453405035905e-18,0.6946071906035867,8.884622729973834e-18,0.7193892206321921,43.99592363861833
89,8.9,0.1010042665636593,-2.4191587462716562e-17,2.9920317577730717,0.011333742945273926,6.998527167752938e-18,-0.055505923669894174,0.05665122497879163,1.1667316958087868e-18,-0.0023032811947729585,-4.038538126909297e-19,0.0023032811947729585,0.9272402381218318,-5.357405209922827e-18,0.3744670089711092,-1.2906288532659024e-18,0.6944417571342828,8.968607512379377e-18,0.7195489183844626,43.982749146564025
90,9.0,0.10213761810126484,-2.3328022504391358e-17,2.9864830722448614,0.011333286565147321,4.017579105355879e-19,-0.05546776271098457,0.05661374466090226,2.546150624782624e-18,-0.002311104035640457,1.7330425631157595e-19,0.002311104035640457,0.927283430265184,-5.5335932499578285e-18,0.3743600405433701,-1.306280867993519e-18,0.6942757250985391,9.28437994362016e-18,0.7197091200887327,43.96952992580502
91,9.1,0.10327092376864475,-2.4944528377987316e-17,2.9809382079301203,0.011332825529615223,2.322127118620626e-18,-0.0554294993472707,0.056576163994864315,-6.412354057658043e-18,-0.0023189594079798723,7.218287368941629e-19,0.0023189594079798723,0.9273267567586309,-5.632876689418195e-18,0.37425270366360647,-1.3311868205556818e-18,0.6941090917930423,9.450634009890288e-18,0.7198698276009619,43.95626579033821
92,9.200000000000001,0.10440418309841631,-2.349996211234936e-17,2.975397175083377,0.011332359801747164,5.394416284270224e-18,-0.055391133297893316,0.0565384827060405,-2.2572143179632463e-19,-0.0023268474477672373,5.094781243243863e-19,0.0023268474477672373,0.9273702180852245,-5.573715081080122e-18,0.3741449967707217,-1.321699022995607e-18,0.6939418545015196,9.348780587191238e-18,0.7200310427828736,43.94295655338246
93,9.3,0.10553739561948994,-2.3791622837950873e-17,2.9698599839872553,0.011331889344334205,-7.422732037523987e-18,-0.05535266428183232,0.05650070051963489,-1.1693591720583002e-18,-0.0023347682913163613,-1.1727458261435932e-19,0.0023347682913163613,0.9274138147294196,-5.600216163621988e-18,0.37403691829687874,-1.3341484723919887e-18,0.6937740104946891,9.389394104900072e-18,0.7201927675019486,43.9296020273765
94,9.4,0.10667056085704112,-2.58120560708036e-17,2.964326644952487,0.011331414119886984,1.498062004227227e-17,-0.055314092017916705,0.05646281716070259,-4.8098790294424025e-18,-0.0023427220752752598,2.0770851733214697e-19,0.0023427220752752598,0.92745754717707,-5.595231355190957e-18,0.3739284666674808,-1.3867881610316144e-18,0.693605557030209,9.341559955852941e-18,0.7203550036314139,43.91620202397713
95,9.5,0.10780367833248235,-2.519338756609843e-17,2.958797168317931,0.011330934090634105,2.146673124367223e-17,-0.055275416224834055,0.056424832354158946,1.4988381801913996e-18,-0.002350708936622448,3.710643927948147e-19,0.002350708936622448,0.9275014159154243,-5.5746002029421866e-18,0.37381964030115283,-1.445903797825979e-18,0.6934364913526277,9.259884687555823e-18,0.720517753050234,43.902756354057196
96,9.600000000000001,0.1089367475634348,-2.4200692330545096e-17,2.9532715644505814,0.011330449218519917,7.340631628827603e-19,-0.05523663662114035,0.056386745824789024,-7.005726223863281e-18,-0.002358729012663255,-3.9616138134499384e-20,0.002358729012663255,0.9275454214331229,-5.872621390988889e-18,0.3737104376097225,-1.5460043665148194e-18,0.6932668106933337,9.738730229330333e-18,0.7206810176430991,43.88926482770391
97,9.700000000000001,0.11006976806369981,-2.5399762107952037e-17,2.9477498437455845,0.011329959465202905,9.096402609881021e-18,-0.0551977529252699,0.05634855729725724,-1.1292727266232436e-18,-0.0023667824410259107,7.553877218376079e-20,0.0023667824410259107,0.9275895642201938,-6.213325853117523e-18,0.37360085699820206,-1.6881195727915748e-18,0.6930965122705064,1.0265466602681952e-17,0.7208447993004181,43.875727254216585
98,9.8,0.1112027393432302,-2.6034990850922573e-17,2.942232016626249,0.011329464792053615,2.3725931371614814e-17,-0.055158764855545904,0.05631026649611764,-6.525738287572605e-18,-0.0023748693596575983,2.231262802687472e-18,0.0023748693596575983,0.9276338447680476,-6.2096864652598675e-18,0.3734908968647694,-1.7087593890504337e-18,0.6929255932890647,1.0244218507661153e-17,0.7210090999183003,43.862143442105385
99,9.9,0.1123356609081014,-2.3692829572155734e-17,2.936718093544056,0.011328965160152759,3.409083219061219e-18,-0.05511967213019004,0.05627187314582307,1.1900414233644751e-18,-0.0023829899068204623,3.7564340344000354e-19,0.0023829899068204623,0.9276782635694744,-6.1366937624089995e-18,0.3733805556007502,-1.6890793937109394e-18,0.692754050940619,1.0124416022183274e-17,0.7211739213985502,43.848513199088956
100,10.0,0.11346853226048235,-2.3964816748687374e-17,2.9312080849786692,0.011328460530289386,4.300545971680331e-18,-0.05508047446733358,0.056233376970736076,-6.344084067477959e-18,-0.0023911442210873914,3.2183886665184546e-19,0.0023911442210873914,0.9277228211186386,-5.953269385801216e-18,0.37326983159059945,-1.6651567098446707e-18,0.6925818824034201,9.802862209638104e-18,0.721339265648651,43.834836332092976
101,10.100000000000001,0.11460135289860623,-2.392001206952022e-17,2.9257020014379433,0.011327950862958826,5.290113926145147e-19,-0.055041171585027436,0.05619477769513855,1.957853292092516e-18,-0.0023993324413378453,-2.84013676086924e-19,0.0023993324413378453,0.9277675179110748,-5.725934247101085e-18,0.37315872321188415,-1.5680128751989776e-18,0.6924090848423111,9.454436243331894e-18,0.7215051345817531,43.821112647248235
102,10.200000000000001,0.11573412231674103,-2.2775565674225926e-17,2.9201998534579325,0.011327436118360939,6.966962322933374e-18,-0.055001763201253225,0.056156075043242486,8.2075953300954e-19,-0.0024075547067535104,-1.0927083936763963e-18,0.0024075547067535104,0.9278123544436825,-5.821182279084802e-18,0.37304722883526475,-1.577965888531552e-18,0.6922356554086764,9.62461806818048e-18,0.721671530116659,43.807341949888986
103,10.3,0.11686684000515986,-2.280865609036099e-17,2.9147016516028947,0.011326916256397954,1.0183131362985315e-17,-0.054962249033933853,0.05611726873920019,-3.0372576464415037e-18,-0.002415811156813805,-6.396418128231956e-19,0.002415811156813805,0.9278573312147218,-5.674407598238588e-18,0.37293534682447843,-1.535667334727594e-18,0.6920615912403945,9.384672120485075e-18,0.721838454177812,43.79352404455103
104,10.4,0.1179995054501111,-2.4640731447677033e-17,2.909207406465299,0.011326391236672631,-1.894129352190671e-19,-0.054922628800944624,0.05607835850711508,-8.228330792969275e-19,-0.0024241019312914148,-1.2469068600416614e-20,0.0024241019312914148,0.9279024487238078,-5.535462129564609e-18,0.37282307553632116,-1.4729798165753353e-18,0.6918868894617871,9.174415998844723e-18,0.7220059086952775,43.77965873497031
105,10.5,0.11913211813378843,-2.5460654830955417e-17,2.9037171286658285,0.01132586101848643,2.9043282804001706e-18,-0.054882902220124735,0.05603934407105282,-2.471786196199278e-18,-0.0024324271702476264,-1.075916865636119e-19,0.0024324271702476264,0.9279477074719054,-5.226393977353094e-18,0.37271041332063054,-1.3829498810594951e-18,0.6917115471835709,8.66876097571675e-18,0.7221738956047297,43.76574582408108
106,10.600000000000001,0.12026467753430047,-2.6056012979696963e-17,2.898230828853384,0.011325325560837391,-1.2091444558069887e-18,-0.05484306900928796,0.05600022515505164,3.508084173854983e-18,-0.0024407870140275545,-7.287282567036255e-19,0.0024407870140275545,0.9279931079613243,-5.3664939315948454e-18,0.37259735852026926,-1.5009371819300218e-18,0.6915355615028089,8.841648306288608e-18,0.7223424168474362,43.751785114014204
107,10.700000000000001,0.12139718312564042,-2.6740430061900714e-17,2.892748517705086,0.011324784822418088,-1.1738373332579165e-17,-0.05480312888623452,0.05596100148313381,-4.385290519570646e-18,-0.0024491816032552803,8.635258153626543e-19,0.0024491816032552803,0.9280386506957131,-5.4694398429849106e-18,0.3724839094711077,-1.5520121072445365e-18,0.6913589295028619,8.995504069384305e-18,0.7225114743702397,43.73777640609566
108,10.8,0.12252963437765543,-2.745142275073925e-17,2.8872702059262747,0.011324238761613897,7.388723691202128e-18,-0.05476308156876281,0.05592167277931703,-1.2498863329705272e-18,-0.002457611078828994,1.2355620355134984e-18,0.002457611078828994,0.9280843361800536,-5.446200422658424e-18,0.3723700645020078,-1.5046983225989722e-18,0.6911816482533394,8.988457385048456e-18,0.7226810701255415,43.72371950084496
109,10.9,0.12366203075601576,-2.592293368505508e-17,2.8817959042505112,0.011323687336500854,-1.820471668124153e-17,-0.05472292677468092,0.05588223876762562,2.395391736853455e-18,-0.0024660755819157715,-1.168725754726545e-18,0.0024660755819157715,0.9281301649206547,-5.499580692384551e-18,0.3722558219348066,-1.5137583973745309e-18,0.6910037148100519,9.081642717183899e-18,0.7228512060712833,43.70961419797352
110,11.0,0.12479437172218369,-2.6574595659817736e-17,2.876325623439574,0.011323130504843695,-6.5247930731156505e-18,-0.05468266422181859,0.055842699172101995,-3.134885499983019e-19,-0.002474575253946505,6.798999324498851e-19,0.002474575253946505,0.9281761374251466,-5.7387158128257874e-18,0.37214118008429975,-1.6062022513093227e-18,0.6908251262149625,9.457610151345879e-18,0.7230218841709293,43.69546029638316
111,11.100000000000001,0.12592665673338238,-2.6888869594515786e-17,2.870859374283458,0.011322568224093913,7.697660023345911e-18,-0.054642293628039455,0.0558030537168186,-2.1215037930754893e-18,-0.0024831102366105876,2.1463336255083287e-19,0.0024831102366105876,0.9282222542024747,-5.420806188589373e-18,0.3720261372582261,-1.5361728862681056e-18,0.6906458794961398,8.920432949856018e-18,0.7231931063934471,43.681257594164535
112,11.200000000000001,0.12705888524256442,-2.7331855528447558e-17,2.8653971676003684,0.011322000451387633,1.6911811191973198e-17,-0.05460181471125326,0.0557633021258897,9.004833920070786e-19,-0.002491680671850486,-1.703642507070447e-20,0.002491680671850486,0.9282685157628922,-5.552890275349112e-18,0.37191069175725133,-1.5627092130910376e-18,0.6904659716677084,9.1467698992728e-18,0.7233648747132855,43.66700588859593
113,11.3,0.12819105669838016,-3.037252259498694e-17,2.8599390142367183,0.011321427143543814,9.382395282073731e-18,-0.05456122718942823,0.055723444123483366,-6.0925125074700195e-18,-0.0025002867018562294,-6.865811249200801e-19,0.0025002867018562294,0.9283149226179545,-5.685794109948782e-18,0.3717948418749531,-1.5953093984731037e-18,0.6902853997298034,9.37015942730358e-18,0.7235371911103576,43.65270497614146
114,11.4,0.1293231705451459,-3.182608262019826e-17,2.854484925067119,0.01132084825706195,7.086048041317143e-18,-0.05452053078060372,0.0556834794338337,-1.4945658861937595e-18,-0.0025089284690598137,-3.188613264090139e-19,0.0025089284690598137,0.9283614752805116,-5.657832964649582e-18,0.3716785858978054,-1.6083293090728358e-18,0.690104160668522,9.309465189397222e-18,0.7237100575700159,43.63835465244999
115,11.5,0.13045522622281186,-3.2722634818126336e-17,2.849034910994376,0.011320263748120483,7.373894628616302e-18,-0.05447972520290298,0.05564340778125323,-8.258757085562376e-19,-0.0025176061161293487,1.7005894063333453e-19,0.0025176061161293487,0.9284081742647017,-5.7077029801057424e-18,0.3715619221051635,-1.6321533550067538e-18,0.6899222514558763,9.385264130496936e-18,0.7238834760830333,43.62395471235359
116,11.600000000000001,0.13158722316693003,-3.334861370139816e-17,2.8435889829494756,0.011319673572574199,1.775272384873975e-18,-0.054438810174545826,0.05560322889014512,-1.2253665773658343e-18,-0.0025263197859633005,2.323905900046796e-19,0.0025263197859633005,0.9284550200859434,-5.573135364238654e-18,0.37144484876924944,-1.6977321597408324e-18,0.6897396690497474,9.087583282440512e-18,0.7240574486455791,43.60950494986617
117,11.700000000000001,0.13271916080862156,-3.513106043365737e-17,2.838147151891578,0.011319077685952722,2.2548429110170033e-17,-0.05439778541386205,0.055562942485016184,-8.412631594711605e-19,-0.002535069621684436,-8.00674289357295e-19,0.002535069621684436,0.9285020132609288,-5.6886735620637105e-18,0.37132736415513745,-1.624419749709798e-18,0.6895564103938384,9.357506702438175e-18,0.7242319772591961,43.5950051581823
118,11.8,0.13385103857454428,-3.635643831410213e-17,2.832709428808005,0.01131847604345829,3.579662767821849e-19,-0.05435665063930456,0.05552254829048959,5.926104734803472e-18,-0.0025438557666336878,-1.66874041930559e-18,0.0025438557666336878,0.9285491543076156,-5.872475464471526e-18,0.37120946652073944,-1.6742612426123054e-18,0.6893724724176276,9.662761007081587e-18,0.7244070639307765,43.58045512967585
119,11.9,0.13498285588685976,-3.7139133312807043e-17,2.8272758247142256,0.011317868599963522,-5.700401018269794e-18,-0.05431540556946272,0.055482046031317754,3.8395961624878895e-18,-0.0025526783643639835,-3.6967472501703715e-19,0.0025526783643639835,0.9285964437452192,-5.803563123919405e-18,0.37109115411679117,-1.6257598199175722e-18,0.6891878520363227,9.571725980065073e-18,0.7245827106725362,43.56585465589885
120,12.0,0.13611461216320037,-3.7845464480754e-17,2.8218463506538427,0.01131725531000973,-7.955967382662439e-18,-0.05427404992307594,0.05544143543239553,3.316317556752501e-18,-0.0025615375586338167,-3.9871956969439737e-19,0.0025615375586338167,0.9286438820942049,-5.77488138205502e-18,0.3709724251868386,-1.5524931219838702e-18,0.6890025461508156,9.573752253433756e-18,0.724758919501991,43.5512035275802
