dt,step,time,x,y,z,Uz,U_mag,Omega_mag
0.2,0,0.0,0.0,0.0,0.0,-0.04188212064399395,0.04188218307311585,3.097385740278664e-05
0.2,1,0.2,-4.602642603484459e-06,1.3710906541018284e-05,-0.00837642412879879,-0.04188212081072405,0.04188218323868264,3.097361509056528e-05
0.2,2,0.4,-9.205529628488063e-06,2.742158891710621e-05,-0.0167528482909436,-0.04188212097744059,0.041882183404235954,3.0973372780374945e-05
0.2,3,0.6000000000000001,-1.38086610725887e-05,4.1132047131245065e-05,-0.025129272486431715,-0.04188212114414357,0.04188218356977579,3.097313047221565e-05
0.2,4,0.8,-1.8412036933364274e-05,5.484228118641616e-05,-0.03350569671526043,-0.041882121310832944,0.0418821837353021,3.0972888166087355e-05
0.2,5,1.0,-2.30156572083927e-05,6.855229108560078e-05,-0.041882120977427016,-0.04188212147750877,0.041882183900814954,3.097264586199014e-05
0.2,6,1.2000000000000002,-2.761952189525191e-05,8.226207683178026e-05,-0.05025854527292877,-0.04188212164417101,0.0418821840663143,3.097240355992397e-05
0.2,7,1.4000000000000001,-3.222363099151985e-05,9.59716384279359e-05,-0.058634969601762975,-0.04188212181081966,0.04188218423180014,3.097216125988887e-05
0.2,8,1.6,-3.6827984494774486e-05,0.00010968097587704906,-0.06701139396392691,-0.04188212197745477,0.041882184397272516,3.097191896188488e-05
0.2,9,1.8,-4.143258240259378e-05,0.00012339008918210104,-0.07538781835941787,-0.04188212214407629,0.04188218456273139,3.097167666591198e-05
0.2,10,2.0,-4.603742471255573e-05,0.00013709897834607323,-0.08376424278823312,-0.041882122310684236,0.04188218472817678,3.097143437197018e-05
0.2,11,2.2,-5.064251142223834e-05,0.00015080764337194695,-0.09214066725036997,-0.041882122477278586,0.04188218489360865,3.0971192080059505e-05
0.2,12,2.4000000000000004,-5.5247842529219624e-05,0.00016451608426270355,-0.10051709174582568,-0.04188212264385938,0.04188218505902705,3.097094979017998e-05
0.2,13,2.6,-5.985341803107762e-05,0.00017822430102132442,-0.10889351627459756,-0.04188212281042661,0.04188218522443197,3.097070750233159e-05
0.2,14,2.8000000000000003,-6.445923792539037e-05,0.00019193229365079096,-0.11726994083668288,-0.04188212297698026,0.04188218538982339,3.0970465216514397e-05
0.2,15,3.0,-6.906530220973593e-05,0.00020564006215408452,-0.12564636543207894,-0.04188212314352034,0.04188218555520133,3.097022293272835e-05
0.2,16,3.2,-7.367161088169239e-05,0.0002193476065341865,-0.134022790060783,-0.04188212331004686,0.04188218572056579,3.0969980650973526e-05
0.2,17,3.4000000000000004,-7.827816393883783e-05,0.00023305492679407834,-0.14239921472279238,-0.04188212347655979,0.041882185885916745,3.096973837124987e-05
0.2,18,3.6,-8.288496137875036e-05,0.0002467620229367414,-0.15077563941810435,-0.041882123643059176,0.04188218605125424,3.096949609355745e-05
0.2,19,3.8000000000000003,-8.74920031990081e-05,0.00026046889496515713,-0.15915206414671618,-0.041882123809545015,0.041882186216578264,3.096925381789628e-05
0.2,20,4.0,-9.209928939718918e-05,0.00027417554288230696,-0.16752848890862518,-0.04188212397601723,0.04188218638188876,3.096901154426632e-05
0.2,21,4.2,-9.670681997087175e-05,0.0002878819666911723,-0.17590491370382863,-0.04188212414247591,0.04188218654718579,3.0968769272667626e-05
0.2,22,4.4,-0.00010131459491763398,0.00030158816639473457,-0.1842813385323238,-0.04188212430892104,0.04188218671246936,3.096852700310022e-05
0.2,23,4.6000000000000005,-0.00010592261423505405,0.0003152941419959753,-0.19265776339410803,-0.04188212447535257,0.04188218687773941,3.0968284735564064e-05
0.2,24,4.800000000000001,-0.00011053087792071013,0.00032899989349787585,-0.20103418828917854,-0.041882124641770546,0.041882187042996,3.0968042470059213e-05
0.2,25,5.0,-0.00011513938597218044,0.00034270542090341776,-0.20941061321753265,-0.04188212480817496,0.0418821872082391,3.096780020658568e-05
0.1,0,0.0,0.0,0.0,0.0,-0.04188212064399395,0.04188218307311585,3.097385740278664e-05
0.1,1,0.1,-2.3013213017422295e-06,6.855453270509142e-06,-0.004188212064399395,-0.04188212072736059,0.04188218315590083,3.097373624675194e-05
0.1,2,0.2,-4.60270370877807e-06,1.3710850499732264e-05,-0.008376424137135454,-0.04188212081072385,0.04188218323868244,3.097361509122501e-05
0.1,3,0.30000000000000004,-6.9041472208047595e-06,2.0566191688042026e-05,-0.01256463621820784,-0.04188212089408375,0.04188218332146072,3.0973493936205843e-05
0.1,4,0.4,-9.205651837519539e-06,2.7421476835811098e-05,-0.016752848307616214,-0.041882120977440235,0.0418821834042356,3.097337278169441e-05
0.1,5,0.5,-1.1507217558619649e-05,3.427670594341214e-05,-0.02094106040536024,-0.041882121060793344,0.041882183487007126,3.097325162769076e-05
0.1,6,0.6000000000000001,-1.3808844383802329e-05,4.1131879011217814e-05,-0.025129272511439572,-0.04188212114414303,0.04188218356977526,3.097313047419483e-05
0.1,7,0.7000000000000001,-1.6110532312764817e-05,4.798699603960077e-05,-0.029317484625853877,-0.04188212122748931,0.04188218365254,3.0973009321206665e-05
0.1,8,0.8,-1.8412281345204362e-05,5.484205702893369e-05,-0.033505696748602806,-0.04188212131083223,0.04188218373530139,3.097288816872627e-05
0.1,9,0.9,-2.0714091480818203e-05,6.169706197958922e-05,-0.03769390887968603,-0.04188212139417172,0.04188218381805938,3.097276701675362e-05
0.1,10,1.0,-2.3015962719303585e-05,6.855201089194002e-05,-0.0418821210191032,-0.04188212147750783,0.041882183900814024,3.0972645865288735e-05
0.1,11,1.1,-2.5317895060357755e-05,7.540690376635878e-05,-0.04607033316685398,-0.04188212156084054,0.041882183983565274,3.09725247143316e-05
0.1,12,1.2000000000000002,-2.7619888503677957e-05,8.226174060321813e-05,-0.05025854532293803,-0.041882121644169844,0.04188218406631314,3.097240356388223e-05
0.1,13,1.3,-2.992194304896144e-05,8.911652140289077e-05,-0.054446757487355016,-0.04188212172749576,0.04188218414905764,3.097228241394063e-05
0.1,14,1.4000000000000001,-3.2224058695905444e-05,9.597124616574934e-05,-0.05863496966010459,-0.041882121810818296,0.04188218423179878,3.0972161264506815e-05
0.1,15,1.5,-3.452623544420723e-05,0.00010282591489216652,-0.06282318184118642,-0.04188212189413747,0.04188218431453658,3.097204011558078e-05
0.1,16,1.6,-3.682847329356404e-05,0.00010968052758251498,-0.06701139403060016,-0.041882121977453224,0.04188218439727098,3.097191896716251e-05
0.1,17,1.7000000000000002,-3.9130772243673135e-05,0.00011653508423716738,-0.07119960622834548,-0.041882122060765595,0.04188218448000202,3.097179781925202e-05
0.1,18,1.8,-4.143313229423176e-05,0.00012338958485649638,-0.07538781843442204,-0.041882122144074586,0.041882184562729706,3.097167667184931e-05
0.1,19,1.9000000000000001,-4.3735553444937164e-05,0.0001302440294408747,-0.0795760306488295,-0.04188212222738018,0.041882184645454006,3.097155552495438e-05
0.1,20,2.0,-4.603803569548661e-05,0.00013709841799067494,-0.08376424287156752,-0.04188212231068235,0.041882184728174905,3.09714343785672e-05
0.1,21,2.1,-4.8340579045577344e-05,0.0001439527505062698,-0.08795245510263575,-0.04188212239398115,0.04188218481089246,3.097131323268782e-05
0.1,22,2.2,-5.064318349490662e-05,0.00015080702698803193,-0.09214066734203386,-0.041882122477276525,0.04188218489360661,3.097119208731619e-05
0.1,23,2.3000000000000003,-5.29458490431717e-05,0.00015766124743633403,-0.09632887958976151,-0.04188212256056852,0.041882184976317405,3.097107094245237e-05
0.1,24,2.4000000000000004,-5.5248575690069844e-05,0.00016451541185154878,-0.10051709184581836,-0.04188212264385713,0.041882185059024815,3.097094979809633e-05
0.1,25,2.5,-5.75513634352983e-05,0.0001713695202340488,-0.10470530411020408,-0.04188212272714231,0.04188218514172884,3.097082865424805e-05
0.1,26,2.6,-5.9854212278554326e-05,0.0001782235725842068,-0.10889351638291832,-0.0418821228104241,0.04188218522442948,3.097070751090755e-05
0.1,27,2.7,-6.215712221953519e-05,0.00018507756890239545,-0.11308172866396073,-0.04188212289370253,0.04188218530712679,3.0970586368074874e-05
0.1,28,2.8000000000000003,-6.446009325793815e-05,0.00019193150918898742,-0.11726994095333097,-0.04188212297697758,0.04188218538982074,3.097046522575e-05
0.1,29,2.9000000000000004,-6.676312539346046e-05,0.00019878539344435537,-0.12145815325102872,-0.041882123060249216,0.04188218547251129,3.09703440839329e-05
0.1,30,3.0,-6.90662186257994e-05,0.00020563922166887198,-0.12564636555705364,-0.04188212314351746,0.04188218555519848,3.09702229426236e-05
0.1,31,3.1,-7.136937295465222e-05,0.00021249299386290994,-0.12983457787140537,-0.0418821232267823,0.04188218563788228,3.097010180182209e-05
0.1,32,3.2,-7.367258837971619e-05,0.0002193467100268419,-0.1340227901940836,-0.04188212331004378,0.04188218572056274,3.096998066152838e-05
0.1,33,3.3000000000000003,-7.597586490068857e-05,0.00022620037016104057,-0.138211002525088,-0.04188212339330183,0.04188218580323979,3.0969859521742464e-05
0.1,34,3.4000000000000004,-7.827920251726663e-05,0.00023305397426587858,-0.14239921486441817,-0.04188212347655649,0.04188218588591347,3.0969738382464344e-05
0.1,35,3.5,-8.058260122914764e-05,0.00023990752234172863,-0.14658742721207382,-0.04188212355980775,0.04188218596858378,3.096961724369402e-05
0.1,36,3.6,-8.288606103602886e-05,0.0002467610143889634,-0.1507756395680546,-0.04188212364305563,0.04188218605125072,3.096949610543151e-05
0.1,37,3.7,-8.518958193760756e-05,0.00025361445040795555,-0.15496385193236015,-0.0418821237263001,0.04188218613391427,3.096937496767679e-05
0.1,38,3.8000000000000003,-8.749316393358101e-05,0.0002604678303990778,-0.15915206430499015,-0.041882123809541184,0.04188218621657447,3.096925383042988e-05
0.1,39,3.9000000000000004,-8.979680702364648e-05,0.0002673211543627028,-0.16334027668594428,-0.04188212389277889,0.0418821862992313,3.09691326936908e-05
0.1,40,4.0,-9.210051120750125e-05,0.0002741744222992032,-0.16752848907522216,-0.04188212397601323,0.04188218638188479,3.096901155745954e-05
0.1,41,4.1000000000000005,-9.440427648484257e-05,0.00028102763420895173,-0.17171670147282347,-0.04188212405924419,0.04188218646453492,3.09688904217361e-05
0.1,42,4.2,-9.670810285536775e-05,0.00028788079009232106,-0.1759049138787479,-0.04188212414247172,0.041882186547181635,3.096876928652045e-05
0.1,43,4.3,-9.901199031877404e-05,0.00029473388994968386,-0.18009312629299506,-0.04188212422569587,0.041882186629825,3.096864815181263e-05
0.1,44,4.4,-0.00010131593887475871,0.0003015869337814128,-0.18428133871556465,-0.04188212430891663,0.041882186712464985,3.0968527017612614e-05
0.1,45,4.5,-0.00010361994852301907,0.0003084399215878806,-0.1884695511464563,-0.041882124392134,0.041882186795101604,3.0968405883920426e-05
0.1,46,4.6000000000000005,-0.00010592401926325235,0.0003152928533694599,-0.19265776358566972,-0.04188212447534797,0.04188218687773485,3.0968284750736064e-05
0.1,47,4.7,-0.00010822815109515587,0.0003221457291265234,-0.1968459760332045,-0.041882124558558546,0.04188218696036472,3.09681636180595e-05
0.1,48,4.800000000000001,-0.00011053234401842688,0.0003289985488594438,-0.20103418848906035,-0.04188212464176571,0.0418821870429912,3.0968042485890754e-05
0.1,49,4.9,-0.00011283659803276268,0.0003358513125685937,-0.20522240095323693,-0.041882124724969494,0.04188218712561432,3.0967921354229846e-05
0.1,50,5.0,-0.00011514091313786053,0.0003427040202543459,-0.2094106134257339,-0.04188212480816988,0.04188218720823406,3.096780022307675e-05
0.05,0,0.0,0.0,0.0,0.0,-0.04188212064399395,0.04188218307311585,3.097385740278664e-05
0.05,1,0.05,-1.1506606508711148e-06,3.427726635254571e-06,-0.0020941060321996974,-0.0418821206856777,0.04188218311450877,3.09737968247883e-05
0.05,2,0.1,-2.301336578054861e-06,6.855439260180961e-06,-0.004188212066483583,-0.04188212072736058,0.04188218315590082,3.09737362469169e-05
0.05,3,0.15000000000000002,-3.452027781513393e-06,1.0283137874825751e-05,-0.006282318102851612,-0.041882120769042616,0.04188218319729203,3.0973675669172437e-05
0.05,4,0.2,-4.602734261208866e-06,1.3710822479235523e-05,-0.008376424141303743,-0.04188212081072382,0.04188218323868242,3.0973615091554916e-05
0.05,5,0.25,-5.7534560171034355e-06,1.713849307345686e-05,-0.010470530181839934,-0.041882120852404184,0.04188218328007196,3.0973554514064335e-05
0.05,6,0.30000000000000004,-6.904193049159256e-06,2.056614965753635e-05,-0.012564636224460144,-0.04188212089408368,0.041882183321460646,3.097349393670068e-05
0.05,7,0.35000000000000003,-8.054945357338484e-06,2.3993792231520568e-05,-0.014658742269164329,-0.04188212093576234,0.041882183362848505,3.097343335946398e-05
0.05,8,0.4,-9.205712941603273e-06,2.74214207954561e-05,-0.016752848315952446,-0.041882120977440145,0.04188218340423551,3.09733727823542e-05
0.05,9,0.45,-1.035649580191578e-05,3.084903534938953e-05,-0.018846954364824454,-0.041882121019117084,0.04188218344562166,3.097331220537137e-05
0.05,10,0.5,-1.1507293938238157e-05,3.427663589336744e-05,-0.02094106041578031,-0.04188212106079319,0.04188218348700698,3.0973251628515465e-05
0.05,11,0.55,-1.2658107350532562e-05,3.770422242743641e-05,-0.02303516646881997,-0.041882121102468445,0.041882183528391445,3.097319105178651e-05
0.05,12,0.6000000000000001,-1.380893603876115e-05,4.113179495164303e-05,-0.025129272523943393,-0.04188212114414285,0.04188218356977508,3.097313047518449e-05
0.05,13,0.65,-1.4959780002886076e-05,4.455935346603387e-05,-0.027223378581150537,-0.041882121185816405,0.04188218361115786,3.09730698987094e-05
0.05,14,0.7000000000000001,-1.6110639242869494e-05,4.798689797065553e-05,-0.029317484640441357,-0.04188212122748912,0.0418821836525398,3.097300932236127e-05
0.05,15,0.75,-1.7261513758673563e-05,5.141442846555457e-05,-0.03141159070181582,-0.04188212126916096,0.04188218369392088,3.097294874614005e-05
0.05,16,0.8,-1.8412403550260438e-05,5.484194495077759e-05,-0.03350569676527387,-0.04188212131083197,0.041882183735301136,3.097288817004579e-05
0.05,17,0.8500000000000001,-1.9563308617592272e-05,5.826944742637117e-05,-0.035599802830815465,-0.04188212135250214,0.04188218377668056,3.0972827594078473e-05
0.05,18,0.9,-2.071422896063122e-05,6.169693589238189e-05,-0.03769390889844057,-0.04188212139417144,0.04188218381805911,3.0972767018238075e-05
0.05,19,0.9500000000000001,-2.1865164579339443e-05,6.512441034885633e-05,-0.03978801496814914,-0.04188212143583989,0.041882183859436824,3.097270644252464e-05
0.05,20,1.0,-2.3016115473679092e-05,6.855187079584109e-05,-0.041882121039941135,-0.041882121477507514,0.04188218390081371,3.097264586693813e-05
0.05,21,1.05,-2.4167081643612326e-05,7.197931723338273e-05,-0.04397622711381651,-0.041882121519174295,0.04188218394218975,3.0972585291478573e-05
0.05,22,1.1,-2.53180630891013e-05,7.540674966152786e-05,-0.04607033318977523,-0.041882121560840195,0.041882183983564934,3.097252471614594e-05
0.05,23,1.1500000000000001,-2.646905981010817e-05,7.883416808032303e-05,-0.04816443926781724,-0.041882121602505255,0.04188218402493927,3.0972464140940255e-05
0.05,24,1.2000000000000002,-2.762007180659509e-05,8.226157248981484e-05,-0.0502585453479425,-0.04188212164416946,0.041882184066312764,3.09724035658615e-05
0.05,25,1.25,-2.877109907852422e-05,8.568896289004988e-05,-0.05235265143015098,-0.04188212168583283,0.04188218410768542,3.09723429909097e-05
0.05,26,1.3,-2.992214162585771e-05,8.911633928107472e-05,-0.05444675751444262,-0.04188212172749536,0.04188218414905724,3.097228241608484e-05
0.05,27,1.35,-3.1073199448557725e-05,9.254370166293595e-05,-0.056540863600817386,-0.041882121769157024,0.04188218419042821,3.097222184138692e-05
0.05,28,1.4000000000000001,-3.2224272546586416e-05,9.597105003568015e-05,-0.058634969689275236,-0.04188212181081784,0.04188218423179833,3.097216126681594e-05
0.05,29,1.4500000000000002,-3.337536091990594e-05,9.939838439935391e-05,-0.06072907577981613,-0.04188212185247782,0.04188218427316762,3.0972100692371915e-05
0.05,30,1.5,-3.4526464568478455e-05,0.00010282570475400382,-0.06282318187244001,-0.04188212189413694,0.04188218431453606,3.0972040118054814e-05
0.05,31,1.55,-3.567758349226611e-05,0.00010625301109967644,-0.06491728796714687,-0.0418821219357952,0.04188218435590364,3.0971979543864667e-05
0.05,32,1.6,-3.682871769123107e-05,0.00010968030343641836,-0.06701139406393662,-0.04188212197745263,0.04188218439727039,3.097191896980145e-05
0.05,33,1.6500000000000001,-3.7979867165335493e-05,0.00011310758176427617,-0.06910550016280925,-0.041882122019109215,0.04188218443863632,3.09718583958652e-05
0.05,34,1.7000000000000002,-3.913103191454153e-05,0.00011653484608329646,-0.07119960626376472,-0.04188212206076497,0.0418821844800014,3.097179782205589e-05
0.05,35,1.75,-4.0282211938811334e-05,0.00011996209639352581,-0.07329371236680296,-0.04188212210241986,0.04188218452136564,3.097173724837352e-05
0.05,36,1.8,-4.143340723810707e-05,0.0001233893326950108,-0.07538781847192395,-0.04188212214407388,0.041882184562729005,3.097167667481807e-05
0.05,37,1.85,-4.258461781239089e-05,0.00012681655498779801,-0.07748192457912764,-0.04188212218572707,0.04188218460409155,3.09716161013896e-05
0.05,38,1.9000000000000001,-4.373584366162496e-05,0.00013024376327193404,-0.079576030688414,-0.04188212222737942,0.041882184645453256,3.097155552808806e-05
0.05,39,1.9500000000000002,-4.488708478577142e-05,0.00013367095754746546,-0.08167013679978297,-0.0418821222690309,0.0418821846868141,3.097149495491345e-05
0.05,40,2.0,-4.603834118479244e-05,0.00013709813781443884,-0.0837642429132345,-0.04188212231068155,0.04188218472817412,3.09714343818658e-05
0.05,41,2.0500000000000003,-4.718961285865018e-05,0.00014052530407290077,-0.08585834902876859,-0.04188212235233135,0.041882184769533294,3.0971373808945093e-05
0.05,42,2.1,-4.8340899807306784e-05,0.00014395245632289785,-0.08795245514638515,-0.04188212239398027,0.04188218481089159,3.097131323615132e-05
0.05,43,2.15,-4.949220203072442e-05,0.00014737959456447667,-0.09004656126608417,-0.041882122435628374,0.04188218485224908,3.09712526634845e-05
0.05,44,2.2,-5.064351952886524e-05,0.0001508067187976838,-0.09214066738786558,-0.041882122477275595,0.041882184893605685,3.097119209094461e-05
0.05,45,2.25,-5.17948523016914e-05,0.0001542338290225658,-0.09423477351172936,-0.04188212251892201,0.0418821849349615,3.097113151853168e-05
0.05,46,2.3000000000000003,-5.2946200349165065e-05,0.0001576609252391693,-0.09632887963767546,-0.041882122560567565,0.041882184976316454,3.09710709462457e-05
0.05,47,2.35,-5.409756367124838e-05,0.00016108800744754086,-0.09842298576570384,-0.04188212260221226,0.041882185017670555,3.097101037408665e-05
0.05,48,2.4000000000000004,-5.524894226790352e-05,0.00016451507564772705,-0.10051709189581445,-0.0418821226438561,0.0418821850590238,3.097094980205456e-05
0.05,49,2.45,-5.640033613909262e-05,0.00016794212983977448,-0.10261119802800726,-0.041882122685499096,0.04188218510037621,3.09708892301494e-05
0.05,50,2.5,-5.755174528477786e-05,0.0001713691700237297,-0.10470530416228221,-0.04188212272714125,0.041882185141727785,3.09708286583712e-05
0.05,51,2.5500000000000003,-5.8703169704921384e-05,0.00017479619619963934,-0.10679941029863928,-0.041882122768782545,0.041882185183078506,3.0970768086719935e-05
0.05,52,2.6,-5.985460939948535e-05,0.00017822320836754994,-0.10889351643707841,-0.041882122810423014,0.04188218522442841,3.097070751519564e-05
0.05,53,2.6500000000000004,-6.1006064368431915e-05,0.00018165020652750812,-0.11098762257759956,-0.0418821228520626,0.04188218526577743,3.0970646943798266e-05
0.05,54,2.7,-6.215753461172324e-05,0.00018507719067956043,-0.1130817287202027,-0.04188212289370136,0.04188218530712563,3.097058637252784e-05
0.05,55,2.75,-6.330902012932148e-05,0.0001885041608237535,-0.11517583486488776,-0.04188212293533925,0.04188218534847297,3.097052580138437e-05
0.05,56,2.8000000000000003,-6.446052092118881e-05,0.00019193111696013385,-0.11726994101165472,-0.04188212297697631,0.041882185389819485,3.097046523036785e-05
0.05,57,2.85,-6.561203698728737e-05,0.00019535805908874813,-0.11936404716050354,-0.04188212301861252,0.04188218543116515,3.0970404659478265e-05
0.05,58,2.9000000000000004,-6.676356832757932e-05,0.0001987849872096429,-0.12145815331143417,-0.04188212306024789,0.04188218547250998,3.097034408871565e-05
0.05,59,2.95,-6.791511494202682e-05,0.00020221190132286472,-0.12355225946444656,-0.04188212310188241,0.04188218551385397,3.0970283518079975e-05
0.05,60,3.0,-6.906667683059203e-05,0.0002056388014284602,-0.12564636561954068,-0.041882123143516074,0.041882185555197106,3.097022294757124e-05
0.05,61,3.0500000000000003,-7.02182539932371e-05,0.00020906568752647591,-0.1277404717767165,-0.041882123185148896,0.041882185596539404,3.097016237718947e-05
0.05,62,3.1,-7.13698464299242e-05,0.00021249255961695846,-0.12983457793597394,-0.04188212322678086,0.04188218563788085,3.0970101806934624e-05
0.05,63,3.1500000000000004,-7.252145414061547e-05,0.0002159194176999544,-0.13192868409731298,-0.04188212326841197,0.041882185679221445,3.097004123680674e-05
0.05,64,3.2,-7.36730771252731e-05,0.00021934626177551032,-0.13402279026073358,-0.041882123310042235,0.04188218572056121,3.096998066680579e-05
0.05,65,3.25,-7.482471538385922e-05,0.00022277309184367283,-0.1361168964262357,-0.04188212335167167,0.04188218576190014,3.0969920096931826e-05
0.05,66,3.3000000000000003,-7.5976368916336e-05,0.0002261999079044885,-0.13821100259381927,-0.04188212339330026,0.041882185803238235,3.09698595271848e-05
0.05,67,3.35,-7.712803772266559e-05,0.00022962670995800393,-0.1403051087634843,-0.04188212343492799,0.041882185844575474,3.096979895756471e-05
0.05,68,3.4000000000000004,-7.827972180281016e-05,0.00023305349800426567,-0.1423992149352307,-0.04188212347655486,0.04188218588591186,3.0969738388071573e-05
0.05,69,3.45,-7.943142115673186e-05,0.00023648027204332034,-0.14449332110905844,-0.0418821235181809,0.04188218592724742,3.09696778187054e-05
0.05,70,3.5,-8.058313578439286e-05,0.0002399070320752145,-0.1465874272849675,-0.04188212355980608,0.04188218596858212,3.096961724946616e-05
0.05,71,3.5500000000000003,-8.17348656857553e-05,0.00024333377809999474,-0.1486815334629578,-0.04188212360143041,0.041882186009915987,3.096955668035387e-05
0.05,72,3.6,-8.288661086078136e-05,0.0002467605101177076,-0.1507756396430293,-0.0418821236430539,0.04188218605124901,3.096949611136855e-05
0.05,73,3.6500000000000004,-8.403837130943318e-05,0.00025018722812839976,-0.152869745825182,-0.04188212368467654,0.04188218609258119,3.096943554251017e-05
0.05,74,3.7,-8.519014703167293e-05,0.0002536139321321178,-0.15496385200941584,-0.041882123726298334,0.04188218613391253,3.096937497377874e-05
0.05,75,3.75,-8.634193802746277e-05,0.00025704062212890817,-0.15705795819573076,-0.04188212376791928,0.041882186175243016,3.096931440517426e-05
0.05,76,3.8000000000000003,-8.749374429676486e-05,0.00026046729811881757,-0.1591520643841267,-0.04188212380953939,0.041882186216572685,3.0969253836696746e-05
0.05,77,3.85,-8.864556583954135e-05,0.0002638939601018926,-0.1612461705746037,-0.041882123851158616,0.04188218625790147,3.096919326834616e-05
0.05,78,3.9000000000000004,-8.97974026557544e-05,0.0002673206080781798,-0.16334027676716162,-0.04188212389277701,0.041882186299229435,3.096913270012254e-05
0.05,79,3.95,-9.094925474536617e-05,0.0002707472420477258,-0.16543438296180046,-0.04188212393439454,0.041882186340556536,3.0969072132025865e-05
0.05,80,4.0,-9.210112210833883e-05,0.0002741738620105771,-0.1675284891585202,-0.04188212397601125,0.041882186381882826,3.096901156405614e-05
0.05,81,4.05,-9.325300474463452e-05,0.0002776004679667803,-0.16962259535732077,-0.04188212401762711,0.04188218642320826,3.0968950996213384e-05
0.05,82,4.1000000000000005,-9.440490265421541e-05,0.00028102705991638207,-0.17171670155820212,-0.04188212405924208,0.04188218646453283,3.096889042849754e-05
0.05,83,4.15,-9.555681583704366e-05,0.0002844536378594289,-0.17381080776116423,-0.041882124100856226,0.04188218650585657,3.0968829860908675e-05
0.05,84,4.2,-9.670874429308144e-05,0.00028788020179596743,-0.17590491396620703,-0.041882124142469536,0.04188218654717947,3.0968769293446774e-05
0.05,85,4.25,-9.78606880222909e-05,0.0002913067517260442,-0.1779990201733305,-0.04188212418408199,0.04188218658850153,3.096870872611182e-05
0.05,86,4.3,-9.90126470246342e-05,0.00029473328764970585,-0.1800931263825346,-0.04188212422569362,0.04188218662982277,3.0968648158903826e-05
0.05,87,4.3500000000000005,-0.0001001646213000735,0.00029815980956699893,-0.18218723259381928,-0.041882124267304366,0.04188218667114312,3.0968587591822765e-05
0.05,88,4.4,-0.00010131661084857095,0.00030158631747797003,-0.1842813388071845,-0.0418821243089143,0.041882186712462674,3.096852702486869e-05
0.05,89,4.45,-0.00010246861567008872,0.00030501281138266577,-0.1863754450226302,-0.04188212435052339,0.041882186753781386,3.096846645804157e-05
0.05,90,4.5,-0.00010362063576458896,0.0003084392912811327,-0.18846955124015638,-0.04188212439213162,0.04188218679509925,3.0968405891341404e-05
0.05,91,4.55,-0.00010477267113203385,0.0003118657571734174,-0.19056365745976295,-0.041882124433739,0.041882186836416264,3.096834532476819e-05
0.05,92,4.6000000000000005,-0.00010592472177238554,0.0003152922090595665,-0.1926577636814499,-0.04188212447534554,0.041882186877732444,3.096828475832192e-05
0.05,93,4.65,-0.00010707678768560618,0.0003187186469396265,-0.19475186990521717,-0.04188212451695124,0.041882186919047784,3.096822419200262e-05
0.05,94,4.7,-0.00010822886887165794,0.0003221450708136441,-0.19684597613106475,-0.041882124558556076,0.04188218696036227,3.096816362581027e-05
0.05,95,4.75,-0.00010938096533050298,0.0003255714806816658,-0.19894008235899255,-0.041882124600160095,0.041882187001675945,3.0968103059744894e-05
0.05,96,4.800000000000001,-0.00011053307706210345,0.0003289978765437382,-0.20103418858900055,-0.04188212464176326,0.041882187042988774,3.096804249380647e-05
0.05,97,4.8500000000000005,-0.00011168520406642153,0.00033242425839990786,-0.2031282948210887,-0.04188212468336558,0.041882187084300755,3.0967981927995006e-05
0.05,98,4.9,-0.00011283734634341936,0.00033585062625022144,-0.205222401055257,-0.04188212472496703,0.04188218712561188,3.096792136231047e-05
0.05,99,4.95,-0.00011398950389305911,0.0003392769800947255,-0.20731650729150533,-0.04188212476656763,0.04188218716692215,3.0967860796752905e-05
0.05,100,5.0,-0.00011514167671530294,0.0003427033199334666,-0.2094106135298337,-0.041882124808167394,0.0418821872082316,3.0967800231322304e-05
